{
	"info": {
		"_postman_id": "fb454458-deab-4488-8a93-7b826c5957ea",
		"name": "Bank_Account",
		"schema": "https://schema.getpostman.com/json/collection/v2.1.0/collection.json"
	},
	"item": [
		{
			"name": "localhost:8080/api/v1/login",
			"request": {
				"method": "POST",
				"header": [],
				"body": {
					"mode": "raw",
					"raw": "{\r\n    \"User_ID\": \"jasonrib3103\",\r\n    \"PIN\": \"123456\"\r\n}",
					"options": {
						"raw": {
							"language": "json"
						}
					}
				},
				"url": {
					"raw": "localhost:8080/api/v1/login",
					"host": [
						"localhost"
					],
					"port": "8080",
					"path": [
						"api",
						"v1",
						"login"
					]
				}
			},
			"response": []
		},
		{
			"name": "localhost:8080/api/v1/register",
			"request": {
				"method": "POST",
				"header": [],
				"body": {
					"mode": "raw",
					"raw": "{\r\n    \"PIN\": 123456,\r\n    \"Full_Name\": \"Jason Rich Darmawan Onggo Putra\",\r\n    \"Birth_Date\": \"1999-03-31\",\r\n    \"ISO_4217\": 360,\r\n    \"Address_3\": \"Gunung Putri\",\r\n    \"Address_4\": \"Nagrak\",\r\n    \"Address_1\": \"Kota Wisata Cibubur\",\r\n    \"Address_2\": \"Bogor\",\r\n    \"Zip_Code\": 16967,\r\n    \"ISO_3166_1\": 360\r\n}",
					"options": {
						"raw": {
							"language": "json"
						}
					}
				},
				"url": {
					"raw": "localhost:8080/api/v1/register",
					"host": [
						"localhost"
					],
					"port": "8080",
					"path": [
						"api",
						"v1",
						"register"
					]
				}
			},
			"response": []
		}
	],
	"protocolProfileBehavior": {}
}