<?xml version = "1.0" encoding = "UTF-8"?>
<!DOCTYPE mapper PUBLIC "-//mybatis.org//DTD Mapper 3.0//EN" "http://mybatis.org/dtd/mybatis-3-mapper.dtd">
<mapper namespace="Staff">
    <insert id="postStaff" parameterType="com.example.demo.model.StaffWorkerModel" useGeneratedKeys="true"
            keyProperty="IDKaryawan">
        INSERT INTO staff (Nama, TunjanganPulsa, GajiPokok, AbsensiHari, TunjanganMakan, Email) VALUES (#{Nama}, #{TunjanganPulsa}, #{GajiPokok}, #{AbsensiHari}, #{TunjanganMakan}, #{Email});
    </insert>
    <update id="putStaffById" parameterType="com.example.demo.model.StaffWorkerModel">
        UPDATE staff SET Nama=#{Nama}, TunjanganPulsa=#{TunjanganPulsa}, GajiPokok=#{GajiPokok}, AbsensiHari=#{AbsensiHari}, TunjanganMakan=#{TunjanganMakan}, Email=#{Email} WHERE IDKaryawan=#{IDKaryawan};
    </update>
    <delete id="deleteStaffById" parameterType="int">
        DELETE FROM staff WHERE IDKaryawan=#{IDKaryawan};
    </delete>
    <delete id="deleteStaffs">
        DELETE FROM staff;
    </delete>
    <!--    <insert id="postStaff" parameterType="com.example.demo.model.StaffWorkerModel" useGeneratedKeys="true" keyProperty="IDKaryawan">-->
    <!--        INSERT INTO staff (Nama, TunjanganPulsa, GajiPokok, AbsensiHari, TunjanganMakan, Email) VALUES (#{Nama}, #{TunjanganPulsa}, #{GajiPokok}, #{AbsensiHari}, #{TunjanganMakan}, #{Email});-->
    <!--    </insert>-->
    <!--    <delete id="delete" parameterType="int">-->
    <!--        DELETE FROM student WHERE ID=#{id}-->
    <!--    </delete>-->
    <!--    <resultMap id="result" type="com.example.demo.model.StaffWorkerModel">-->
    <!--        <result property="id" column="ID"/>-->
    <!--        <result property="name" column="NAME"/>-->
    <!--        <result property="branch" column="BRANCH"/>-->
    <!--        <result property="percentage" column="PERCENTAGE"/>-->
    <!--        <result property="phone" column="PHONE"/>-->
    <!--        <result property="email" column="email"/>-->
    <!--    </resultMap>-->
    <!--    <select id="getAll" resultMap="result">-->
    <!--        SELECT * FROM student;-->
    <!--    </select>-->
    <!--    <select id="getById" parameterType="int" resultMap="result">-->
    <!--        SELECT * FROM student WHERE ID=#{id};-->
    <!--    </select>-->
    <!--    <update id="update" parameterType="com.example.demo.model.StaffWorkerModel">-->
    <!--        UPDATE student SET NAME=#{name}, BRANCH=#{branch}, PERCENTAGE=#{percentage}, PHONE=#{phone}, EMAIL=#{email} WHERE ID=#{id};-->
    <!--    </update>-->
</mapper>