{
	"info": {
		"_postman_id": "31ab86bb-e5e6-4a9c-b7bb-709f6a01eb35",
		"name": "Day_18_RESTfulStaffWorker",
		"schema": "https://schema.getpostman.com/json/collection/v2.1.0/collection.json"
	},
	"item": [
		{
			"name": "GET staff id 1",
			"protocolProfileBehavior": {
				"disableBodyPruning": true
			},
			"request": {
				"method": "GET",
				"header": [],
				"body": {
					"mode": "raw",
					"raw": "{\r\n    \"idKaryawan\": 1,\r\n    \"nama\": \"a\",\r\n    \"tunjanganPulsa\": 1,\r\n    \"gajiPokok\": 1,\r\n    \"email\": [\"a@a.com\", \"b@b.com\"]\r\n}",
					"options": {
						"raw": {
							"language": "json"
						}
					}
				},
				"url": {
					"raw": "http://localhost:8080/api/v1/staff/1",
					"protocol": "http",
					"host": [
						"localhost"
					],
					"port": "8080",
					"path": [
						"api",
						"v1",
						"staff",
						"1"
					]
				}
			},
			"response": []
		},
		{
			"name": "POST staff id",
			"request": {
				"method": "POST",
				"header": [],
				"body": {
					"mode": "raw",
					"raw": "{\r\n    \"Nama\": \"a\",\r\n    \"TunjanganPulsa\": 1,\r\n    \"GajiPokok\": 1,\r\n    \"AbsensiHari\": 1,\r\n    \"TunjanganMakan\": 1\r\n}",
					"options": {
						"raw": {
							"language": "json"
						}
					}
				},
				"url": {
					"raw": "http://localhost:8080/api/v1/staff",
					"protocol": "http",
					"host": [
						"localhost"
					],
					"port": "8080",
					"path": [
						"api",
						"v1",
						"staff"
					]
				}
			},
			"response": []
		},
		{
			"name": "PUT staff id 1",
			"request": {
				"method": "PUT",
				"header": [],
				"body": {
					"mode": "raw",
					"raw": "{\r\n    \"Nama\": \"b\",\r\n    \"TunjanganPulsa\": 1,\r\n    \"GajiPokok\": 1,\r\n    \"AbsensiHari\": 1,\r\n    \"TunjanganMakan\": 1,\r\n    \"Email\": [\"b\"]\r\n}",
					"options": {
						"raw": {
							"language": "json"
						}
					}
				},
				"url": {
					"raw": "http://localhost:8080/api/v1/staff/1",
					"protocol": "http",
					"host": [
						"localhost"
					],
					"port": "8080",
					"path": [
						"api",
						"v1",
						"staff",
						"1"
					]
				}
			},
			"response": []
		},
		{
			"name": "DELETE staff id 1",
			"request": {
				"method": "DELETE",
				"header": [],
				"url": {
					"raw": "http://localhost:8080/api/v1/staff/1",
					"protocol": "http",
					"host": [
						"localhost"
					],
					"port": "8080",
					"path": [
						"api",
						"v1",
						"staff",
						"1"
					]
				}
			},
			"response": []
		},
		{
			"name": "DELETE staffs",
			"request": {
				"method": "DELETE",
				"header": [],
				"url": {
					"raw": "http://localhost:8080/api/v1/staff",
					"protocol": "http",
					"host": [
						"localhost"
					],
					"port": "8080",
					"path": [
						"api",
						"v1",
						"staff"
					]
				}
			},
			"response": []
		},
		{
			"name": "GET staffs",
			"protocolProfileBehavior": {
				"disableBodyPruning": true
			},
			"request": {
				"method": "GET",
				"header": [],
				"body": {
					"mode": "raw",
					"raw": "{\r\n    \"idKaryawan\": 1,\r\n    \"nama\": \"a\",\r\n    \"tunjanganPulsa\": 1,\r\n    \"gajiPokok\": 1,\r\n    \"email\": [\"a@a.com\", \"b@b.com\"]\r\n}",
					"options": {
						"raw": {
							"language": "json"
						}
					}
				},
				"url": {
					"raw": "http://localhost:8080/api/v1/staff",
					"protocol": "http",
					"host": [
						"localhost"
					],
					"port": "8080",
					"path": [
						"api",
						"v1",
						"staff"
					]
				}
			},
			"response": []
		}
	],
	"protocolProfileBehavior": {}
}